N°;Decanato/Dirección;Decano/Director;Departamento;Carrera;N° Lab.;Piso;Ubicación Fase;Nombre de Laboratorio;Director;Responsable de Laboratorio 1;Responsable de Laboratorio 2;Responsable de Laboratorio 3;
1;FACULTAD DE INGENIERIA;Eunice Villicaña Ortiz;CENTRO DE INVESTIGACIÓN DEL CEMENTO Y CONCRETO (CIC);Ing. Civil;L021;-2;Fase 1;Centro de Inv. del Cemento y Concreto II;José Deustua;Rosaura Vásquez;N/A;N/A;
2;FACULTAD DE INGENIERIA;Eunice Villicaña Ortiz;INGENERIA MECANICA E INGENERIA DE LA ENERGIA;INGENERIA MECANICA;L022;-2;Fase 1;Laboratorio de materiales avanzados;Emir Augusto Vela Saavedra;Walter Jhonatan Jaime Vivanco;N/A;N/A;
3;INNOVACIÓN E INVESTIGACIÓN;Jose Gerardo Deustua Rossel;Centro de Inv. y Conservación del Patrimonio;N/A;L023;-2;Fase 1;Laboratorio de Patrimonio;Juan Carlos Rodríguez;Karinna Beatriz Visurraga Mariño;N/A;N/A;
4;FACULTAD DE INGENIERIA;Eunice Villicaña Ortiz;INGENERIA MECANICA E INGENERIA DE LA ENERGIA;INGENERIA MECANICA;L024;-2;Fase 1;Laboratorio de Análisis Técnicos;Emir Augusto Vela Saavedra;Walter Jhonatan Jaime Vivanco;N/A;N/A;
5;DIRECTORA GENERAL ACADEMICA;Ruth Vanessa Canahuire Cabello;Dirección de Proyectos e Infraestructura Académica;N/A;L101;1;Fase 1;Manufactura y Metrología;Diego Milanes;Francisco Falcon Araucano Silva;Mirella Casandra Espinoza Bautista;;
6;FACULTAD DE INGENIERIA;Eunice Villicaña Ortiz;CENTRO DE INVESTIGACIÓN DEL CEMENTO Y CONCRETO (CIC);Ing. Civil;L102;1;Fase 1;Centro de Inv. del Cemento y Concreto;José Deustua;Rosaura Vásquez;N/A;N/A;
7;FACULTAD DE INGENIERIA;Eunice Villicaña Ortiz;CENTRO DE INVESTIGACIÓN DEL CEMENTO Y CONCRETO (CIC);Ing. Civil;L103;1;Fase 2;Laboratorio de Concreto;José Deustua;Rosaura Vásquez;N/A;N/A;
8;DIRECTORA GENERAL ACADEMICA;Ruth Vanessa Canahuire Cabello;Dirección de Proyectos e Infraestructura Académica;N/A;L104;1;Fase 2;Hangar;Diego Milanes;Francisco Falcon Araucano Silva;Mirella Casandra Espinoza Bautista;;
9;DIRECTORA GENERAL ACADEMICA;Ruth Vanessa Canahuire Cabello;Dirección de Proyectos e Infraestructura Académica;N/A;L105;1;Fase 2;Fab Lab Sustractiva;Diego Milanes;Isaac Santiago Robles Rodriguez;Augusto Abel Flores Iman;;
10;FACULTAD DE INGENIERIA;Eunice Villicaña Ortiz;INGENIERÍA CIVIL Y AMBIENTAL;INGENIERÍA CIVIL;L106;1;Fase 2;Laboratorio de Flujo Atmosférico;Daniel Horna;Marian Ariadne Montalvo Poblete;N/A;N/A;
11;DIRECTORA GENERAL ACADEMICA;Ruth Vanessa Canahuire Cabello;Dirección de Proyectos e Infraestructura Académica;N/A;L107;1;Fase 2;Garage;Diego Milanes;Roy Anthoni Castro Mendoza;Alexandra Sofia Vasquez Espinoza;;Lezmit Galarza Sinche
12;DIRECTORA GENERAL ACADEMICA;Ruth Vanessa Canahuire Cabello;Dirección de Proyectos e Infraestructura Académica;N/A;L108;1;Fase 2;Concept Lab;Diego Milanes;Roy Anthoni Castro Mendoza;David Alejandro Lazo Pampa;;Lezmit Galarza Sinche
13;FACULTAD DE INGENIERIA;Eunice Villicaña Ortiz;INGENIERÍA ELECTRÓNICA E INGENIERÍA MECATRÓNICA;INGENIERÍA MECATRÓNICA;L201;2;Fase 1;Laboratorio de Mecatrónica y Robótica;Oscar Efrain Ramos Ponce;Marko Josue Puchuri Lopez;N/A;N/A;
14;FACULTAD DE INGENIERIA;Eunice Villicaña Ortiz;INGENERIA MECANICA E INGENERIA DE LA ENERGIA;INGENERIA DE LA ENERGIA;L202;2;Fase 1;Laboratorio de Smart Grid y Máquinas Eléctricas;Emir Augusto Vela Saavedra;Jefferson Vargas Ore;N/A;N/A;
15;FACULTAD DE INGENIERIA;Eunice Villicaña Ortiz;INGENERIA MECANICA E INGENERIA DE LA ENERGIA;INGENERIA DE LA ENERGIA;L203;2;Fase 1;L203 A Proyectos Energía Y Mecánica/ L203 D - Realidad Virtual;Emir Augusto Vela Saavedra;Walter Jhonatan Jaime Vivanco;N/A;N/A;
16;FACULTAD DE INGENIERIA;Eunice Villicaña Ortiz;INGENERIA MECANICA E INGENERIA DE LA ENERGIA;INGENERIA DE LA ENERGIA;L203;2;Fase 1;F - Energía Solar y Eólica;Emir Augusto Vela Saavedra;Jefferson Vargas Ore;N/A;N/A;
17;FACULTAD DE INGENIERIA;Eunice Villicaña Ortiz;INGENIERÍA CIVIL Y AMBIENTAL;INGENIERÍA CIVIL;L204;2;Fase 1;Laboratorio de Mecánica de Fluidos;Luis Bedriñana;Daniel Octavio Medina Quispe;N/A;N/A;
18;FACULTAD DE INGENIERIA;Eunice Villicaña Ortiz;INGENERIA MECANICA E INGENERIA DE LA ENERGIA;INGENERIA DE LA ENERGIA;L205;2;Fase 1;Laboratorio de Sistemas Térmicos e Hidráulicos;Emir Augusto Vela Saavedra;Walter Jhonatan Jaime Vivanco;N/A;N/A;
19;FACULTAD DE INGENIERIA;Eunice Villicaña Ortiz;INGENIERÍA ELECTRÓNICA E INGENIERÍA MECATRÓNICA;INGENIERÍA MECATRÓNICA;L206;2;Fase 1;Laboratorio de Sistemas Hidráulicos y Neumáticos;Oscar Efrain Ramos Ponce;Renato Alonso Miranda Barrueto;N/A;N/A;
20;DIRECTORA GENERAL ACADEMICA;Ruth Vanessa Canahuire Cabello;Dirección de Proyectos e Infraestructura Académica;N/A;L207;2;Fase 2;Fab Lab Aditiva;Diego Milanes;Isaac Santiago Robles Rodriguez;Augusto Abel Flores Iman;;
21;FACULTAD DE COMPUTACION;Jesus Edwin Bellido Angulo;DEPARTAMENTO ACADEMICO DE CIENCIA DE COMPUTACION Y CIENCIA DE DATOS;Computer Science;L208;2;Fase 2;Business Intelligence And Data Analytics;Eric Javier Biagioli;Sin Asignar;N/A;N/A;
22;FACULTAD DE INGENIERIA;Eunice Villicaña Ortiz;INGENIERÍA ELECTRÓNICA E INGENIERÍA MECATRÓNICA;INGENIERÍA MECATRÓNICA;L209;2;Fase 2;Capstone Project Lab;Oscar Efrain Ramos Ponce;Jose Rodrigo Magallanes Cardenas;N/A;N/A;
23;FACULTAD DE COMPUTACION;Jesus Edwin Bellido Angulo;DEPARTAMENTO ACADEMICO DE CIENCIA DE COMPUTACION Y CIENCIA DE DATOS;Computer Science;L210;2;Fase 2;Artificial Intelligence;Eric Javier Biagioli;Sin Asignar;N/A;N/A;
24;FACULTAD DE INGENIERIA;Eunice Villicaña Ortiz;CIENCIAS;N/A;L211;2;Fase 2;Química General - Lab 1;Sergio Quispe Rodriguez;Karina Carita;N/A;N/A;
25;FACULTAD DE INGENIERIA;Eunice Villicaña Ortiz;CIENCIAS;N/A;L212;2;Fase 2;Química General - Lab 2;Sergio Quispe Rodriguez;Karina Carita;N/A;N/A;
26;FACULTAD DE INGENIERIA;Eunice Villicaña Ortiz;BIOINGENIERÍA E INGENIERÍA QUÍMICA;Ingeneria Química;L301;3;Fase 2;Laboratorio de Procesos A Escala Piloto 2;Alejandra Ratti Parandelli;Erika Geraldine Chavez Gonzales;N/A;N/A;
27;FACULTAD DE INGENIERIA;Eunice Villicaña Ortiz;BIOINGENIERÍA E INGENIERÍA QUÍMICA;Ingeneria Química;L401;4;Fase 1;Laboratorio de Ensayos Especiales;Alejandra Ratti Parandelli;Erika Geraldine Chavez Gonzales;N/A;N/A;
28;FACULTAD DE INGENIERIA;Eunice Villicaña Ortiz;INGENERIA MECANICA E INGENERIA DE LA ENERGIA;INGENERIA MECANICA;L402;4;Fase 1;Laboratorio de Tecnología De Los Materiales;Emir Augusto Vela Saavedra;Walter Jhonatan Jaime Vivanco;N/A;N/A;
29;FACULTAD DE INGENIERIA;Eunice Villicaña Ortiz;BIOINGENIERÍA E INGENIERÍA QUÍMICA;Ingeneria Química;L403;4;Fase 1;Laboratorio de Procesos A Escala Piloto 1;Alejandra Ratti Parandelli;Erika Geraldine Chavez Gonzales;N/A;N/A;
30;FACULTAD DE INGENIERIA;Eunice Villicaña Ortiz;BIOINGENIERÍA E INGENIERÍA QUÍMICA;Ingeneria Química;L404;4;Fase 1;Laboratorio de Caracterización y Análisis Instrumental;Alejandra Ratti Parandelli;Erika Geraldine Chavez Gonzales;N/A;N/A;
31;FACULTAD DE INGENIERIA;Eunice Villicaña Ortiz;BIOINGENIERÍA E INGENIERÍA QUÍMICA;Ingeneria Química;L405;4;Fase 1;Lab. de Investigación y Desarrollo de Procesos 1;Alejandra Ratti Parandelli;Erika Geraldine Chavez Gonzales;N/A;N/A;
32;FACULTAD DE INGENIERIA;Eunice Villicaña Ortiz;INGENIERÍA CIVIL Y AMBIENTAL;INGENIERÍA AMBIENTAL;L406;4;Fase 1;Laboratorio de Ingeniería Ambiental;Daniel Horna;Luis Eduardo Puca Cahuana;N/A;N/A;
33;FACULTAD DE INGENIERIA;Eunice Villicaña Ortiz;BIOINGENIERÍA E INGENIERÍA QUÍMICA;Ingeneria Química;L407;4;Fase 1;Lab. de Investigación y Desarrollo de Procesos 2;Alejandra Ratti Parandelli;Erika Geraldine Chavez Gonzales;N/A;N/A;
34;FACULTAD DE INGENIERIA;Eunice Villicaña Ortiz;INGENERIA MECANICA E INGENERIA DE LA ENERGIA;INGENERIA DE LA ENERGIA;L408;4;Fase 1;Laboratorio de Electricidad y Automatización;Emir Augusto Vela Saavedra;Jefferson Vargas Ore;N/A;N/A;
35;FACULTAD DE INGENIERIA;Eunice Villicaña Ortiz;INGENIERÍA ELECTRÓNICA E INGENIERÍA MECATRÓNICA;INGENIERÍA ELECTRÓNICA;L409;4;Fase 1;Lab. de Electrónica y Telecomunicaciones;Oscar Efrain Ramos Ponce;Jose Gabriel Zavala Chavez;N/A;N/A;
36;MARKETING;Patricia Veronica Salem Abufom;Telemarketing;Sin Asignar;L411;4;Fase 1;Laboratorio de Uso Múltiple;Edith Stefani Tuesta Tafur;Sin Asignar;N/A;N/A;
37;FACULTAD DE INGENIERIA;Eunice Villicaña Ortiz;INGENERIA MECANICA E INGENERIA DE LA ENERGIA;INGENERIA DE LA ENERGIA;L412;4;Fase 1;Laboratorio de Hidrocarburos y Simulación;Emir Augusto Vela Saavedra;Jefferson Vargas Ore;N/A;N/A;
38;FACULTAD DE INGENIERIA;Eunice Villicaña Ortiz;INGENIERÍA ELECTRÓNICA E INGENIERÍA MECATRÓNICA;INGENIERÍA ELECTRÓNICA;L413;4;Fase 1;Laboratorio de Sistemas de Control;Oscar Efrain Ramos Ponce;Sergio Martin Morales Azañedo;N/A;N/A;
39;FACULTAD DE INGENIERIA;Eunice Villicaña Ortiz;INGENIERÍA ELECTRÓNICA E INGENIERÍA MECATRÓNICA;INGENIERÍA ELECTRÓNICA;L414;4;Fase 1;Laboratorio de Sistemas Embebidos;Oscar Efrain Ramos Ponce;Jose Gabriel Zavala Chavez;N/A;N/A;
40;FACULTAD DE INGENIERIA;Eunice Villicaña Ortiz;INGENIERÍA ELECTRÓNICA E INGENIERÍA MECATRÓNICA;INGENIERÍA ELECTRÓNICA;L415;4;Fase 1;Laboratorio de Automatización Industrial;Oscar Efrain Ramos Ponce;Axel Eliam Cespedes Duran;N/A;N/A;
41;FACULTAD DE INGENIERIA;Eunice Villicaña Ortiz;INGENIERÍA INDUSTRIAL, NEGOCIOS Y GESTIÓN;INGENIERÍA INDUSTRIAL;L416;4;Fase 2;Laboratorio de Procesos Industriales;Jose Antonio Larco Martinelli;N/A;N/A;N/A;
42;FACULTAD DE INGENIERIA;Eunice Villicaña Ortiz;INGENIERÍA ELECTRÓNICA E INGENIERÍA MECATRÓNICA;INGENIERÍA MECATRÓNICA;L417;4;Fase 2;Laboratorio de Mecatrónica;Oscar Efrain Ramos Ponce;Jose Rodrigo Magallanes Cardenas;N/A;N/A;
43;FACULTAD DE COMPUTACION;Jesus Edwin Bellido Angulo;DEPARTAMENTO ACADEMICO DE SISTEMAS Y SEGURIDAD DE LA INFORMACIÓN;Computer Science;L418;4;Fase 2;Interacción Humano-Computador;Maria Belen Ortiz Garcia;Sin Asignar;N/A;N/A;
44;FACULTAD DE COMPUTACION;Jesus Edwin Bellido Angulo;DEPARTAMENTO ACADEMICO DE SISTEMAS Y SEGURIDAD DE LA INFORMACIÓN;Ciberseguridad;L419;4;Fase 2;Ciberseguridad;Maria Belen Ortiz Garcia;Sin Asignar;N/A;N/A;
45;FACULTAD DE INGENIERIA;Eunice Villicaña Ortiz;BIOINGENIERÍA E INGENIERÍA QUÍMICA;INGENIERÍA QUÍMICA;L420;4;Fase 2;Fire Lab;Alejandra Ratti Parandelli;Giulianna Travi Antonio;N/A;N/A;
46;FACULTAD DE INGENIERIA;Eunice Villicaña Ortiz;CIENCIAS;N/A;L501;5;Fase 1;Laboratorio Multiuso de Ciencias;Sergio Quispe Rodriguez;Smith S. Alejos Lipa;N/A;N/A;
47;FACULTAD DE INGENIERIA;Eunice Villicaña Ortiz;CIENCIAS;N/A;L502;5;Fase 1;Laboratorio Multiuso de Ciencias;Sergio Quispe Rodriguez;Smith S. Alejos Lipa;N/A;N/A;
48;FACULTAD DE INGENIERIA;Eunice Villicaña Ortiz;BIOINGENIERÍA E INGENIERÍA QUÍMICA;Bioingeniería;L503;5;Fase 1;Laboratorio de Microfluidos y Biomems;Alejandra Ratti Parandelli;Richard Henry Calderon Bailon;N/A;N/A;
49;FACULTAD DE INGENIERIA;Eunice Villicaña Ortiz;BIOINGENIERÍA E INGENIERÍA QUÍMICA;Bioingeniería;L504;5;Fase 1;Lab. de Ingeniería de Tejidos y Biología Sintética;Alejandra Ratti Parandelli;Luz Narciza Mercedes Perez Tulich;N/A;N/A;
50;FACULTAD DE INGENIERIA;Eunice Villicaña Ortiz;INGENIERÍA CIVIL Y AMBIENTAL;CITA;L505;5;Fase 1;Lab. de Ecología, Biotecnología y Microbiología;Daniel Horna;Luis Eduardo Puca Cahuana;N/A;N/A;
51;FACULTAD DE INGENIERIA;Eunice Villicaña Ortiz;INGENIERÍA INDUSTRIAL, NEGOCIOS Y GESTIÓN;INGENIERÍA INDUSTRIAL;L506;5;Fase 1;Colaboratorio - Diseño de Productos;Jose Antonio Larco Martinelli;Maria Rosa Gabriella Gutierrez Paredes;N/A;N/A;
52;FACULTAD DE COMPUTACION;Jesus Edwin Bellido Angulo;DEPARTAMENTO ACADEMICO DE CIENCIA DE COMPUTACION Y CIENCIA DE DATOS;Computer Science;L507;5;Fase 1;Computación Avanzada;Eric Javier Biagioli;Sin Asignar;N/A;N/A;
53;FACULTAD DE INGENIERIA;Eunice Villicaña Ortiz;INGENIERÍA CIVIL Y AMBIENTAL;INGENIERÍA CIVIL;L508;5;Fase 1;Laboratorio de Mecánica De Suelos;Luis Bedriñana;Daniel Octavio Medina Quispe;N/A;N/A;
54;DIRECTORA GENERAL ACADEMICA;Ruth Vanessa Canahuire Cabello;Dirección de Proyectos e Infraestructura Académica;N/A;T021;-2;Fase 1;Centro Mecanizado;Diego Milanes;Francisco Falcon Araucano Silva;Mirella Casandra Espinoza Bautista;;
;;;;;;;;;;;;;